filename,title,date,section
SECTION_BREAK_1,section test,,1
Malvina_Reynolds_-_Magic_Penny_-_1_feb_2023.pdf,Malvina Reynolds - Magic Penny - 1 feb 2023,2023-02-01,0
Nathan_Evans_-_Wellerman.pdf,Nathan Evans - Wellerman,2025-02-15,0
AlicebanD_-_True_Blood.pdf,AlicebanD - True Blood,2025-02-15,0
Gary_Jules_-_Mad_World.pdf,Gary Jules - Mad World,2025-02-17,0
Misc_Traditional_-_Wellerman.pdf,Misc Traditional - Wellerman,2025-02-17,0
Parker_Millsap_-_Old_Time_Religion.pdf,Parker Millsap - Old Time Religion,2025-02-17,0
Buddy_Holly_-_Everyday.pdf,Buddy Holly - Everyday,2025-02-17,0
Smash_Mouth_-_All_Star.pdf,Smash Mouth - All Star,2025-02-20,0
Creedence_Clearwater_Revival_-_Bad_Moon_Rising.pdf,Creedence Clearwater Revival - Bad Moon Rising,2025-03-01,0
Kenny_Rogers_-_The_Gambler.pdf,Kenny Rogers - The Gambler,2025-03-01,0
Annie_Lennox_-_Into_The_West.pdf,Annie Lennox - Into The West,2025-03-01,0
Johnny_Cash_-_Folsom_Prison_Blues.pdf,Johnny Cash - Folsom Prison Blues,2025-03-01,0
