filename,title,date,section
Malvina Reynolds - Magic Penny - 1 feb 2023.pdf,Malvina Reynolds - Magic Penny - 1 feb 2023,2023-02-01,0
Jeff Buckley - Hallelujah.pdf,Jeff Buckley - Hallelujah,2025-02-10,0
99 Red Balloons.pdf,99 Red Balloons,2025-02-11,0
99 red balloons larger.pdf,99 red balloons larger,2025-02-11,0
The Longest Johns - Wellerman.pdf,The Longest Johns - Wellerman,2025-02-15,0
Nathan Evans - Wellerman.pdf,Nathan Evans - Wellerman,2025-02-15,0
AlicebanD - True Blood.pdf,AlicebanD - True Blood,2025-02-15,0
Gary Jules - Mad World.pdf,Gary Jules - Mad World,2025-02-17,0
Misc Traditional - Wellerman.pdf,Misc Traditional - Wellerman,2025-02-17,0
Parker Millsap - Old Time Religion.pdf,Parker Millsap - Old Time Religion,2025-02-17,0
Buddy Holly - Everyday.pdf,Buddy Holly - Everyday,2025-02-17,0
Smash Mouth - All Star.pdf,Smash Mouth - All Star,2025-02-20,0
Creedence Clearwater Revival - Bad Moon Rising.pdf,Creedence Clearwater Revival - Bad Moon Rising,2025-03-01,0
Kenny Rogers - The Gambler.pdf,Kenny Rogers - The Gambler,2025-03-01,0
Annie Lennox - Into The West.pdf,Annie Lennox - Into The West,2025-03-01,0
Johnny Cash - Folsom Prison Blues.pdf,Johnny Cash - Folsom Prison Blues,2025-03-01,0
Misc Cartoons - Lava - Lava.pdf,Misc Cartoons - Lava - Lava,2025-03-08,0
craig wright is not satoshi.pdf,craig wright is not satoshi,2025-03-15,0
